Iteration Counter, Absolute Error
1,0.163953413756993
2,0.017532228715555
3,0.000227926336965778
4,3.80838891533841e-08
