Iteration Counter, Absolute Error
1,0.715490408001116
2,0.141927244176122
3,0.0162113473042083
4,0.00019905675284404
