Iteration Counter, Absolute Error
1,0.624999999912639
2,0.140919439909403
3,0.0385886166560951
4,0.00250754758348637
5,9.9118960432687e-06
6,1.54136592378507e-10
